{
  "total_files": 200,
  "total_lines": 47130,
  "total_issues": 455,
  "analysis_time": 4.414985960000195,
  "throughput": 45.30025730817753,
  "timestamp": "2025-07-24 19:45:17"
}