{
  "total_files": 100,
  "successful_files": 100,
  "total_lines": 24362,
  "total_issues": 5,
  "total_time": 0.7554518399992958,
  "throughput": 132.37111183698119,
  "timestamp": "2025-07-24 19:45:18"
}